scenario_id,case_id,link_id,xpd_early_ex_db,xpd_late_ex_db,l_pol_db,rho_early_linear,rho_early_db,ds_ns,early_energy_fraction,EL_proxy_db,LOSflag,material,stress_flag,claim_caution_early,claim_caution_late
A2,0,A2_0,-33.05244962568948,-25.052449766174778,-7.9999998595147055,6.309573240700269,7.999999859514707,0.0,1.0,2.7199659283313338,0,PEC,0,0,0
A2,1,A2_1,-33.0524495357789,-25.052449766174778,-7.999999769604122,6.3095731100752115,7.9999997696041225,0.0,1.0,2.7199659283313338,0,PEC,0,0,0
A2,2,A2_2,-33.052449513301255,-25.052449766174778,-7.999999747126473,6.309573077418947,7.999999747126475,0.0,1.0,2.7199659283313338,0,PEC,0,0,0
A2,3,A2_3,-33.05244942339067,-25.052449766174778,-7.999999657215893,6.309572946793898,7.999999657215894,4.440892098500626e-07,1.0,2.719965928331348,0,PEC,0,0,0
A2_on,0,A2_on_0,-17.052449856085367,-33.05244962568948,15.999999769604116,0.15848932252726472,-7.999999910089385,1.707317073170719,0.6097560983618552,2.7199659283313338,1,PEC,0,0,0
A2_on,1,A2_on_1,-17.052449856085367,-33.0524495357789,15.999999679693534,0.15848932252726472,-7.999999910089385,3.5947364139973867,0.7192982462935967,2.7199659283313338,1,PEC,0,0,0
A2_on,2,A2_on_2,-24.349887099537046,-25.052449766174778,0.7025626666377321,0.8506359503932149,-0.7025626666377276,1.2422599874998812,1.0,0.1672408772982692,1,PEC,0,0,0
A2_on,3,A2_on_3,-17.0524499684736,-33.05244942339067,15.999999454917072,0.15848932662870646,-7.999999797701152,2.898649364254015,0.6288659811488897,2.7199659283313338,1,PEC,0,0,0
A3,0,A3_0,-33.0524495835439,-17.052450049955063,-15.999999533588833,6.309573179469771,7.999999817369119,2.3184775065068375,0.6084337365685178,2.719965928331348,0,PEC,0,0,0
A3,1,A3_1,-33.0524495835439,-17.052450049955066,-15.99999953358883,6.309573179469771,7.999999817369119,2.318477506506869,0.6084337365685181,2.719965928331348,0,PEC,0,0,0
A3,2,A3_2,-25.53212494395173,-25.052449766174778,-0.4796751777769511,1.1167797172611444,0.47967517777695584,0.7478337567079032,1.0,0.02758431593002797,0,PEC,0,0,0
A3,3,A3_3,-25.532124943951725,-25.052449766174778,-0.4796751777769479,1.1167797172611436,0.47967517777695234,0.7478337567079362,1.0,0.02758431593002797,0,PEC,0,0,0
A3,4,A3_4,-33.05244951611096,-17.052450173582116,-15.999999342528845,6.30957308150098,7.999999749936181,3.0341927365438033,0.6196581218643008,2.719965928331348,0,PEC,0,0,0
A3,5,A3_5,-33.05244951611096,-17.052450173582116,-15.999999342528845,6.30957308150098,7.999999749936181,3.0341927365438033,0.6196581218643008,2.719965928331348,0,PEC,0,0,0
A3,6,A3_6,-25.85045637755784,-25.052449766174778,-0.7980066113830607,1.2017127282491087,0.7980066113830652,1.4880213206449522,1.0,0.22553631390552198,0,PEC,0,0,0
A3,7,A3_7,-25.850456377557837,-25.052449766174778,-0.7980066113830596,1.2017127282491082,0.7980066113830635,1.4880213206449189,1.0,0.22553631390552198,0,PEC,0,0,0
A3,8,A3_8,-33.0524494374392,-17.052450319686802,-15.999999117752399,6.309572967204061,7.999999671264422,2.175749586495263,0.6273885379086064,2.719965928331348,0,PEC,0,0,0
A3,9,A3_9,-33.0524494374392,-17.052450319686802,-15.999999117752397,6.309572967204062,7.999999671264422,2.1757495864952854,0.6273885379086066,2.7199659283313338,0,PEC,0,0,0
A3,10,A3_10,-33.05244941496155,-17.05245025225387,-15.999999162707685,6.3095729345478,7.999999648786776,1.8505169257364438,0.5805369159532148,2.7199659283313338,0,PEC,0,0,0
A3,11,A3_11,-33.05244941496155,-17.05245025225387,-15.999999162707685,6.309572934547799,7.999999648786776,1.8505169257364438,0.5805369159532147,2.7199659283313338,0,PEC,0,0,0
A3_on,0,A3_on_0,-17.052449780223306,-29.1201226982528,12.067672918029494,0.15848931975879155,-7.999999985951444,5.300041204678144,0.8010386287368704,2.7199659283313338,1,PEC,0,0,0
A3_on,1,A3_on_1,-17.052449780223306,-29.120122698252803,12.067672918029496,0.15848931975879155,-7.999999985951444,5.300041204678144,0.8010386287368703,2.7199659283313338,1,PEC,0,0,0
A3_on,2,A3_on_2,-17.052449802700956,-29.430636198318716,12.378186395617758,0.1584893205790799,-7.999999963473796,4.572451940670921,0.5402416942868179,2.719965928331348,1,PEC,0,0,0
A3_on,3,A3_on_3,-17.052449802700956,-29.430636198318712,12.378186395617758,0.15848932057907988,-7.999999963473796,4.572451940670924,0.5402416942868178,2.719965928331348,1,PEC,0,0,0
A3_on,4,A3_on_4,-17.052449780223306,-29.113296836719165,12.06084705649586,0.15848931975879155,-7.999999985951444,6.011340686887218,0.852784097130262,2.7199659283313338,1,PEC,0,0,0
A3_on,5,A3_on_5,-17.052449780223306,-29.11329683671917,12.060847056495861,0.15848931975879155,-7.999999985951444,6.011340686887218,0.852784097130262,2.7199659283313338,1,PEC,0,0,0
A3_on,6,A3_on_6,-17.052449802700956,-29.308366624475497,12.255916821774541,0.1584893205790799,-7.999999963473796,5.841194759640365,0.6430480318139868,2.719965928331348,1,PEC,0,0,0
A3_on,7,A3_on_7,-17.052449802700956,-29.308366624475497,12.255916821774544,0.15848932057907988,-7.999999963473796,5.841194759640365,0.6430480318139868,2.719965928331348,1,PEC,0,0,0
A3_on,8,A3_on_8,-17.052449780223306,-29.110275622509743,12.057825842286437,0.15848931975879155,-7.999999985951444,6.227020832404948,0.8873592529037413,2.7199659283313338,1,PEC,0,0,0
A3_on,9,A3_on_9,-17.052449780223306,-29.110275622509747,12.057825842286439,0.15848931975879155,-7.999999985951444,6.227020832404947,0.8873592529037412,2.7199659283313338,1,PEC,0,0,0
A3_on,10,A3_on_10,-17.052449802700956,-29.24162289180318,12.189173089102223,0.1584893205790799,-7.999999963473796,6.903214200856006,0.7182570280742563,2.719965928331348,1,PEC,0,0,0
A3_on,11,A3_on_11,-17.052449802700956,-29.24162289180318,12.189173089102223,0.15848932057907988,-7.999999963473796,6.903214200856008,0.7182570280742562,2.719965928331348,1,PEC,0,0,0
A4,0,A4_0,-27.85064611229407,-27.674600135150598,-0.17604597714346992,1.904669531752221,2.798196346119293,3.3779873949608468,0.7171206063217662,9.241384397848037,0,glass,0,0,0
A4,1,A4_1,-28.141996463953845,-27.816575215328314,-0.32542124862552946,2.0368294690846978,3.0895466977790678,1.8486926087797,0.6907773119586188,9.823548343520798,0,glass,0,0,0
A4,2,A4_2,-27.453806395705726,-27.97082000880833,0.5170136131026046,1.7383437599355884,2.401356629530951,3.3779873949608468,0.7171206063217662,9.241384397848037,0,glass,0,0,0
A4,3,A4_3,-28.540142832526872,-28.321883536773832,-0.21825929575303915,2.2323860841992933,3.487693066352095,1.8486926087797,0.6907773119586188,9.823548343520798,0,glass,0,0,0
A4,4,A4_4,-27.24775798235056,-26.793129744695552,-0.45462823765500726,1.657794985384865,2.195308216175785,2.739353569339178,0.8414594170889905,12.748340198482424,0,wood,0,0,0
A4,5,A4_5,-27.21153687415543,-27.571542384953506,0.36000551079807463,1.6440261107039447,2.1590871079806564,1.7444935877774335,0.7445330358428145,15.564903440581048,0,wood,0,0,0
A4,6,A4_6,-26.274980859380847,-27.421106920786958,1.1461260614061137,1.3251135940126941,1.22253109320607,2.739353569339178,0.8414594170889905,12.748340198482424,0,wood,0,0,0
A4,7,A4_7,-26.837955187336725,-27.107387148098645,0.26943196076192,1.508518157932498,1.7855054211619514,1.7444935877774335,0.7445330358428145,15.564903440581048,0,wood,0,0,0
A4,8,A4_8,-27.375836910392028,-27.426372975952745,0.050536065560716104,1.7074135137126463,2.323387144217252,2.9620183105643183,0.8066361703008834,11.668570135812246,0,gypsum,0,0,0
A4,9,A4_9,-27.885921746812034,-28.237984181004144,0.35206243419210903,1.920203239613974,2.833471980637259,1.7836578321647982,0.7261864515275527,13.78351149753189,0,gypsum,0,0,0
A4,10,A4_10,-27.625271459217686,-28.43603038180717,0.8107589225894829,1.8083486625944334,2.5728216930429113,2.9620183105643183,0.8066361703008834,11.668570135812246,0,gypsum,0,0,0
A4,11,A4_11,-27.239826869328738,-27.823382650193455,0.5835557808647178,1.654770272517702,2.187377103153961,1.7836578321647982,0.7261864515275527,13.78351149753189,0,gypsum,0,0,0
A4,0,A4_0,-27.85064611229407,-25.052449766174778,-2.798196346119291,1.904669531752221,2.798196346119293,0.0,1.0,9.241384397848037,0,glass,0,0,0
A4,1,A4_1,-27.678480030508915,-25.052449766174778,-2.6260302643341364,1.830640332355593,2.6260302643341396,0.0,1.0,9.823548343520798,0,glass,0,0,0
A4,2,A4_2,-28.15946153735013,-25.052449766174778,-3.107011771175352,2.045037033877906,3.1070117711753538,0.0,1.0,9.241384397848037,0,glass,0,0,0
A4,3,A4_3,-27.82068299631269,-25.052449766174778,-2.7682332301379127,1.891573943724364,2.768233230137915,0.0,1.0,9.823548343520798,0,glass,0,0,0
A4,4,A4_4,-27.34859747809463,-25.052449766174778,-2.2961477119198497,1.6967379406911507,2.296147711919853,0.0,1.0,12.748340198482424,0,wood,0,0,0
A4,5,A4_5,-27.802458244504884,-25.052449766174778,-2.7500084783301055,1.883652766767555,2.750008478330108,0.0,1.0,15.564903440581048,0,wood,0,0,0
A4,6,A4_6,-28.452398871160746,-25.052449766174778,-3.399949104985966,2.1877359856992955,3.399949104985968,0.0,1.0,12.748340198482424,0,wood,0,0,0
A4,7,A4_7,-28.15374957491128,-25.052449766174778,-3.1012998087365045,2.0423491120016606,3.101299808736507,0.0,1.0,15.564903440581048,0,wood,0,0,0
A4,8,A4_8,-27.28015117483978,-25.052449766174778,-2.2277014086650015,1.6702063898406598,2.227701408665004,0.0,1.0,11.668570135812246,0,gypsum,0,0,0
A4,9,A4_9,-26.87969092173714,-25.052449766174778,-1.827241155562361,1.523084910678859,1.8272411555623638,0.0,1.0,13.78351149753189,0,gypsum,0,0,0
A4,10,A4_10,-27.328427630640768,-25.052449766174778,-2.2759778644659887,1.6888760867447903,2.275977864465992,0.0,1.0,11.668570135812246,0,gypsum,0,0,0
A4,11,A4_11,-27.663739100233144,-25.052449766174778,-2.6112893340583643,1.8244372611129758,2.6112893340583665,0.0,1.0,13.78351149753189,0,gypsum,0,0,0
A4_on,0,A4_on_0,-27.6959450774769,-25.052449766174778,-2.6434953113021202,1.8380170305952162,2.6434953113021225,nan,nan,10.2104845279286,1,glass,0,0,0
A4_on,1,A4_on_1,-27.82068299631269,-25.052449766174778,-2.7682332301379127,1.891573943724364,2.768233230137915,nan,nan,12.113821685955585,1,glass,0,0,0
A4_on,2,A4_on_2,-27.992164997835104,-25.052449766174778,-2.9397152316603274,1.967757258977098,2.9397152316603297,nan,nan,10.2104845279286,1,glass,0,0,0
A4_on,3,A4_on_3,-28.32599142052635,-25.052449766174778,-3.2735416543515705,2.1249766656818694,3.2735416543515723,nan,nan,12.113821685955585,1,glass,0,0,0
A4_on,4,A4_on_4,-27.01595517900117,-27.379898449698725,0.36394327069755184,1.5716308361263451,1.9635054128263967,nan,nan,10.2104845279286,1,glass,0,0,0
A4_on,5,A4_on_5,-26.36272467585763,-27.622360214952877,1.2596355390952465,1.3521581524936055,1.3102749096828572,nan,nan,12.113821685955585,1,glass,0,0,0
A4_on,6,A4_on_6,-27.335847618299113,-27.427307725759057,0.09146010745994104,1.6917640237138698,2.28339785212434,nan,nan,10.2104845279286,1,glass,0,0,0
A4_on,7,A4_on_7,-28.004721218149967,-28.379142958615677,0.3744217404657073,1.973454624740468,2.952271451975194,nan,nan,12.113821685955585,1,glass,0,0,0
A4_on,8,A4_on_8,-28.489876916941178,-25.052449766174778,-3.4374271507664,2.206697053293669,3.4374271507664025,nan,nan,13.717440328562986,1,wood,0,0,0
A4_on,9,A4_on_9,-27.796407257223027,-25.052449766174778,-2.7439574910482483,1.8810301172157795,2.7439574910482505,nan,nan,17.855176783015835,1,wood,0,0,0
A4_on,10,A4_on_10,-27.72640639651404,-25.052449766174778,-2.673956630339263,1.850954158779057,2.6739566303392657,nan,nan,13.717440328562986,1,wood,0,0,0
A4_on,11,A4_on_11,-27.032466424644593,-25.052449766174778,-1.9800166584698147,1.577617321040366,1.9800166584698182,nan,nan,17.855176783015835,1,wood,0,0,0
A4_on,12,A4_on_12,-27.802116074606815,-26.946611548166054,-0.8555045264407595,1.8835043642636573,2.749666308432039,nan,nan,13.717440328562986,1,wood,0,0,0
A4_on,13,A4_on_13,-27.489966388414725,-27.871253632380228,0.38128724396550107,1.7528778865752477,2.4375166222399516,nan,nan,17.855176783015835,1,wood,0,0,0
A4_on,14,A4_on_14,-27.883222607191612,-27.16008505338141,-0.7231375538101981,1.9190102043330681,2.830772841016835,nan,nan,13.717440328562986,1,wood,0,0,0
A4_on,15,A4_on_15,-28.05588633986785,-28.442803925525837,0.3869175856579874,1.996841791546209,3.0034365736930746,nan,nan,17.855176783015835,1,wood,0,0,0
A4_on,16,A4_on_16,-28.610746336950626,-25.052449766174778,-3.558296570775849,2.2689747194745196,3.55829657077585,nan,nan,12.637670265892808,1,gypsum,0,0,0
A4_on,17,A4_on_17,-28.107730175316817,-25.052449766174778,-3.05528040914204,2.0208219053616303,3.055280409142042,nan,nan,16.073784839966677,1,gypsum,0,0,0
A4_on,18,A4_on_18,-27.514038587648784,-25.052449766174778,-2.4615888214740074,1.7626207650613213,2.4615888214740096,nan,nan,12.637670265892808,1,gypsum,0,0,0
A4_on,19,A4_on_19,-28.81509801733194,-25.052449766174778,-3.762648251157163,2.3782900838984693,3.762648251157164,nan,nan,16.073784839966677,1,gypsum,0,0,0
A4_on,20,A4_on_20,-28.491454354747564,-27.830581020081535,-0.66087333466603,2.2074987120181744,3.4390045885727893,nan,nan,12.637670265892808,1,gypsum,0,0,0
A4_on,21,A4_on_21,-27.636271043417388,-28.006361374245706,0.3700903308283152,1.8129345588090278,2.5838212772426146,nan,nan,16.073784839966677,1,gypsum,0,0,0
A4_on,22,A4_on_22,-27.939465436855066,-27.874070957817676,-0.06539447903739237,1.9440237531358175,2.8870156706802907,nan,nan,12.637670265892808,1,gypsum,0,0,0
A4_on,23,A4_on_23,-26.92847300684164,-27.215455681598332,0.28698267475669437,1.5402893906946054,1.8760232406668629,nan,nan,16.073784839966677,1,gypsum,0,0,0
A5,0,A5_0,-25.775713501317487,-25.052449766174778,-0.7232637351427091,1.1812079832813396,0.7232637351427128,1.4880213206449189,1.0,0.22553631390552198,0,PEC,0,0,0
A5,1,A5_1,-25.865703658877266,-25.052449766174778,-0.8132538927024864,1.2059391355729114,0.8132538927024908,1.4880213206448858,1.0,0.22553631390552198,0,PEC,0,0,0
A5,2,A5_2,-25.469460684832693,-25.052449766174778,-0.41701091865791606,1.1007814233804685,0.4170109186579207,1.4880213206448858,1.0,0.22553631390552198,0,PEC,0,0,0
A5,3,A5_3,-25.85910505665522,-25.052449766174778,-0.806655290480443,1.204108241838002,0.8066552904804474,1.4880213206448858,1.0,0.22553631390552198,0,PEC,0,0,0
A5,4,A5_4,-25.802299054556013,-25.052449766174778,-0.7498492883812358,1.1884609839964235,0.7498492883812401,1.4880213206449189,1.0,0.22553631390552198,0,PEC,0,0,0
A5,5,A5_5,-25.512882367710358,-25.052449766174778,-0.4604326015355786,1.1118424725998752,0.46043260153558313,1.4880213206449189,1.0,0.22553631390552198,0,PEC,0,0,0
A5,6,A5_6,-25.00001900437289,-25.052449766174778,0.05243076180188727,0.9879999527541716,-0.05243076180188287,1.4880213206449189,1.0,0.22553631390552198,0,PEC,0,0,0
A5,7,A5_7,-25.494446205287193,-25.052449766174778,-0.4419964391124159,1.1071326126598096,0.4419964391124204,1.4880213206448858,1.0,0.22553631390552198,0,PEC,0,0,0
A5,8,A5_8,-25.619020373331658,-25.052449766174778,-0.5665706071568815,1.139349748272978,0.5665706071568856,1.4880213206448858,1.0,0.22553631390552198,0,PEC,0,0,0
A5,9,A5_9,-25.604613173139708,-25.052449766174778,-0.5521634069649279,1.1355763540570492,0.5521634069649323,1.4880213206449189,1.0,0.22553631390552198,0,PEC,0,0,0
A5,10,A5_10,-25.38713789730996,-25.052449766174778,-0.3346881311351824,1.0801120547534881,0.3346881311351863,1.4880213206449189,1.0,0.22553631390552198,0,PEC,0,0,0
A5,11,A5_11,-25.431625771116188,-25.052449766174778,-0.37917600494140974,1.0912332750722071,0.37917600494141396,1.4880213206448858,1.0,0.22553631390552198,0,PEC,0,0,0
A5,12,A5_12,-25.938437550181565,-25.052449766174778,-0.8859877840067858,1.2263057889063422,0.8859877840067897,1.4880213206448858,1.0,0.22553631390552198,0,PEC,0,0,0
A5,13,A5_13,-25.702841128953228,-25.052449766174778,-0.6503913627784499,1.1615532820451653,0.6503913627784541,1.4880213206448858,1.0,0.22553631390552198,0,PEC,0,0,0
A5,14,A5_14,-25.524081236410588,-25.052449766174778,-0.47163147023581,1.114713208004435,0.4716314702358143,1.4880213206449189,1.0,0.22553631390552198,0,PEC,0,0,0
A5,15,A5_15,-25.447686172749208,-25.052449766174778,-0.39523640657442805,1.0952761746923405,0.395236406574433,1.4880213206448858,1.0,0.22553631390552198,0,PEC,0,0,0
A5,16,A5_16,-25.54445236011648,-25.052449766174778,-0.49200259394170054,1.1199541913077349,0.49200259394170487,1.4880213206449189,1.0,0.22553631390552198,0,PEC,0,0,0
A5,17,A5_17,-25.6924086415927,-25.052449766174778,-0.639958875417921,1.1587663834140816,0.6399588754179248,1.4880213206448858,1.0,0.22553631390552198,0,PEC,0,0,0
A5,18,A5_18,-25.542050010289067,-25.052449766174778,-0.4896002441142898,1.119334847092932,0.48960024411429426,1.4880213206448858,1.0,0.22553631390552198,0,PEC,0,0,0
A5,19,A5_19,-25.618022984990002,-25.052449766174778,-0.565573218815223,1.1390881184975359,0.5655732188152273,1.4880213206449189,1.0,0.22553631390552198,0,PEC,0,0,0
A5,20,A5_20,-25.007189872355532,-25.052449766174778,0.04525989381924645,0.9896326397451438,-0.0452598938192424,1.4880213206449189,1.0,0.22553631390552198,0,PEC,0,0,0
A5,21,A5_21,-25.903551814919688,-25.052449766174778,-0.8511020487449108,1.2164946544239332,0.8511020487449149,1.4880213206448858,1.0,0.22553631390552198,0,PEC,0,0,0
A5,22,A5_22,-25.857382691130258,-25.052449766174778,-0.8049329249554799,1.2036308000516902,0.8049329249554837,1.4880213206449189,1.0,0.22553631390552198,0,PEC,0,0,0
A5,23,A5_23,-25.704279707869592,-25.052449766174778,-0.6518299416948132,1.161938104536563,0.6518299416948179,1.4880213206448858,1.0,0.22553631390552198,0,PEC,0,0,0
A5,24,A5_24,-25.906886979974022,-25.052449766174778,-0.8544372137992426,1.217429220460543,0.8544372137992464,1.4880213206448858,1.0,0.22553631390552198,0,PEC,0,0,0
A5,25,A5_25,-26.103637742747104,-25.052449766174778,-1.051187976572326,1.273851484882348,1.0511879765723295,1.4880213206449189,1.0,0.22553631390552198,0,PEC,0,0,0
A5,26,A5_26,-25.56543380031507,-25.052449766174778,-0.5129840341402934,1.1253779547311242,0.512984034140298,1.4880213206449189,1.0,0.22553631390552198,0,PEC,0,0,0
A5,27,A5_27,-25.222461359213433,-25.052449766174778,-0.1700115930386552,1.0399229417912863,0.1700115930386601,1.4880213206449189,1.0,0.22553631390552198,0,PEC,0,0,0
A5,28,A5_28,-25.68033729958922,-25.052449766174778,-0.6278875334144401,1.1555500304423252,0.6278875334144445,1.4880213206449189,1.0,0.22553631390552198,0,PEC,0,0,0
A5,29,A5_29,-25.497660131517268,-25.052449766174778,-0.44521036534249137,1.1079522315191663,0.4452103653424955,1.4880213206448858,1.0,0.22553631390552198,0,PEC,0,0,0
A5,30,A5_30,-25.345184725233945,-25.052449766174778,-0.2927349590591677,1.0697283259912818,0.2927349590591719,1.2159662563368538,1.0,-1.5925487248800607,0,PEC,1,0,0
A5,31,A5_31,-24.484297398169137,-25.052449766174778,0.5681523680056411,0.8773740056009752,-0.5681523680056365,1.4880213206448858,1.0,0.22553631390552198,0,PEC,1,0,0
A5,32,A5_32,-24.152319082359416,-25.052449766174778,0.9001306838153624,0.8128060575998429,-0.9001306838153569,1.4880213206448858,1.0,0.22553631390552198,0,PEC,1,0,0
A5,33,A5_33,-25.169301043098567,-25.052449766174778,-0.11685127692378809,1.0272712355857516,0.11685127692379339,1.4880213206448858,1.0,0.22553631390552198,0,PEC,1,0,0
A5,34,A5_34,-24.806765142969713,-25.052449766174778,0.24568462320506548,0.9449994106900662,-0.24568462320506093,1.2174271420983414,1.0,-1.5818156352446948,0,PEC,1,0,0
A5,35,A5_35,-25.443916401844163,-25.052449766174778,-0.39146663566938666,1.0943258635689974,0.39146663566939083,1.4880213206448858,1.0,0.22553631390552198,0,PEC,1,0,0
A5,36,A5_36,-26.034522951874788,-27.5816720908008,1.5471491389260164,1.2537395280569807,0.9820731857000125,2.6816943058166953,0.7512933374453287,0.22553631390552198,0,PEC,1,0,0
A5,37,A5_37,-25.194836554606912,-25.052449766174778,-0.14238678843213345,1.0333291450613205,0.14238678843213787,1.4880213206448858,1.0,0.22553631390552198,0,PEC,1,0,0
A5,38,A5_38,-25.625275476696956,-25.052449766174778,-0.572825710522178,1.1409919255290117,0.5728257105221821,1.4880213206449189,1.0,0.22553631390552198,0,PEC,1,0,0
A5,39,A5_39,-24.661696128881033,-25.052449766174778,0.39075363729374396,0.91395462788249,-0.39075363729373946,1.4880213206449189,1.0,0.22553631390552198,0,PEC,1,0,0
A5,40,A5_40,-24.76088476016827,-25.052449766174778,0.2915650060065088,0.9350686558740295,-0.2915650060065039,1.4880213206449189,1.0,0.22553631390552198,0,PEC,1,0,0
A5,41,A5_41,-23.556778970882096,-24.616270245097994,1.0594912742158946,0.7086518422390345,-1.4956707952926749,5.035634230193518,0.5917134865137592,2.7228659385132516,0,PEC,1,0,0
A5,42,A5_42,-23.90509330633805,-25.052449766174778,1.14735645983673,0.7678287226594477,-1.1473564598367239,1.4880213206448858,1.0,0.22553631390552198,0,PEC,1,0,0
A5,43,A5_43,-25.052449766174778,-25.052449766174778,0.0,1.0,4.821637332766433e-15,nan,1.0,0.22553631390552198,0,PEC,1,0,0
A5,44,A5_44,-27.282359905831875,-25.63833810770355,-1.6440217981283267,1.6710560379510366,2.2299101396571017,3.803343474971339,0.5015963352158614,2.726388578260952,0,PEC,1,0,0
A5,45,A5_45,-24.411013359741474,-25.052449766174778,0.6414364064333036,0.8626931692925887,-0.6414364064332988,1.4880213206448858,1.0,0.22553631390552198,0,PEC,1,0,0
A5,46,A5_46,-25.200136564551723,-25.052449766174778,-0.14768679837694657,1.0345909612050608,0.14768679837695156,1.4880213206449189,1.0,0.22553631390552198,0,PEC,1,0,0
A5,47,A5_47,-27.795018688745955,-25.052449766174778,-2.7425689225711785,1.8804287921423015,2.7425689225711816,0.9965954708683266,1.0,0.0537314590406055,0,PEC,1,0,0
A5,48,A5_48,-24.05294236654972,-25.052449766174778,0.9995073996250604,0.7944183368541283,-0.9995073996250552,1.4880213206449189,1.0,0.22553631390552198,0,PEC,1,0,0
A5,49,A5_49,-23.844220217776034,-25.052449766174778,1.2082295483987453,0.7571414895861895,-1.2082295483987393,0.0,1.0,2.719965928331348,0,PEC,1,0,0
A5,50,A5_50,-25.08199493547384,-25.052449766174778,-0.0295451692990641,1.0068262197902418,0.02954516929906923,1.4880213206448858,1.0,0.22553631390552198,0,PEC,1,0,0
A5,51,A5_51,-23.750883515229344,-25.052449766174778,1.3015662509454329,0.7410429414449993,-1.3015662509454269,0.0,1.0,2.719965928331348,0,PEC,1,0,0
A5,52,A5_52,-24.505933293036424,-25.052449766174778,0.5465164731383534,0.8817558561211322,-0.5465164731383486,1.4880213206449189,1.0,0.22553631390552198,0,PEC,1,0,0
A5,53,A5_53,-25.778092707790922,-25.052449766174778,-0.7256429416161436,1.181855264730963,0.7256429416161481,1.4880213206449189,1.0,0.22553631390552198,0,PEC,1,0,0
A5,54,A5_54,-25.161380396156133,-25.052449766174778,-0.10893062998135522,1.0253994094816297,0.10893062998136013,1.4880213206449189,1.0,0.22553631390552198,0,PEC,1,0,0
A5,55,A5_55,-25.107874570515044,-25.052449766174778,-0.05542480434026603,1.0128438150988972,0.05542480434027073,0.12499639552086185,1.0,-0.2574777318106669,0,PEC,1,0,0
A5,56,A5_56,-26.890758228280635,-23.60778734556469,-3.282970882715942,1.5269712008690715,1.8383084621058596,2.7621881972759748,0.6386885782624043,2.729542194583914,0,PEC,1,0,0
A5,57,A5_57,-23.99803174718239,-25.052449766174778,1.054418018992385,0.7844372311967336,-1.0544180189923797,1.4880213206449189,1.0,0.22553631390552198,0,PEC,1,0,0
A5,58,A5_58,-26.471574697033773,-25.052449766174778,-1.419124930858996,1.3864764366542446,1.4191249308589993,0.0,1.0,2.7199659283313338,0,PEC,1,0,0
A5,59,A5_59,-24.776382225041626,-25.052449766174778,0.2760675411331527,0.9384113370248967,-0.27606754113314813,1.4880213206448858,1.0,0.22553631390552198,0,PEC,1,0,0
A6,0,A6_0,-33.052449766174725,-25.052449766174778,-7.999999999999947,6.309573444801855,7.999999999999947,0.0,1.0,-59.55403337249134,0,PEC,0,0,0
A6,1,A6_1,-33.052449766174725,-25.052449766174778,-7.999999999999947,6.309573444801855,7.999999999999947,0.0,1.0,-59.551326644563886,0,PEC,0,0,0
A6,2,A6_2,-33.052449766174725,-25.052449766174778,-7.999999999999947,6.309573444801855,7.999999999999947,0.0,1.0,-59.55403337249134,0,PEC,0,0,0
A6,3,A6_3,-33.052449766174725,-25.052449766174778,-7.999999999999947,6.309573444801855,7.999999999999947,0.0,1.0,-59.58638320414644,0,PEC,0,0,0
A6,4,A6_4,-33.052449766174725,-25.052449766174778,-7.999999999999947,6.309573444801855,7.999999999999947,0.0,1.0,-59.58369656946811,0,PEC,0,0,0
A6,5,A6_5,-33.052449766174725,-25.052449766174778,-7.999999999999947,6.309573444801855,7.999999999999947,0.0,1.0,-59.58638320414644,0,PEC,0,0,0
A6,6,A6_6,-33.052449766174725,-25.052449766174778,-7.999999999999947,6.309573444801855,7.999999999999947,0.0,1.0,-59.639769799201844,0,PEC,0,0,0
A6,7,A6_7,-33.052449766174725,-25.052449766174778,-7.999999999999947,6.309573444801855,7.999999999999947,0.0,1.0,-59.637115998435476,0,PEC,0,0,0
A6,8,A6_8,-33.052449766174725,-25.052449766174778,-7.999999999999947,6.309573444801855,7.999999999999947,0.0,1.0,-59.639769799201844,0,PEC,0,0,0
A6,9,A6_9,-17.05244976617483,-25.052449766174778,7.999999999999947,0.15848931924611326,-7.99999999999992,0.0,1.0,-65.56447434588948,0,PEC,0,0,0
A6,10,A6_10,-17.05244976617483,-25.052449766174778,7.999999999999947,0.15848931924611329,-7.999999999999919,0.0,1.0,-65.56379623755505,0,PEC,0,0,0
A6,11,A6_11,-17.05244976617483,-25.052449766174778,7.999999999999947,0.15848931924611326,-7.99999999999992,0.0,1.0,-65.56447434588948,0,PEC,0,0,0
A6,12,A6_12,-17.05244976617483,-25.052449766174778,7.999999999999947,0.15848931924611329,-7.999999999999919,0.0,1.0,-65.57260339799434,0,PEC,0,0,0
A6,13,A6_13,-17.05244976617483,-25.052449766174778,7.999999999999947,0.15848931924611326,-7.99999999999992,0.0,1.0,-65.5719265578435,0,PEC,0,0,0
A6,14,A6_14,-17.05244976617483,-25.052449766174778,7.999999999999947,0.15848931924611329,-7.999999999999919,0.0,1.0,-65.57260339799434,0,PEC,0,0,0
A6,15,A6_15,-17.05244976617483,-25.052449766174778,7.999999999999947,0.15848931924611329,-7.999999999999919,0.0,1.0,-65.58611809637212,0,PEC,0,0,0
A6,16,A6_16,-17.05244976617483,-25.052449766174778,7.999999999999947,0.15848931924611329,-7.999999999999919,0.0,1.0,-65.58544335935235,0,PEC,0,0,0
A6,17,A6_17,-17.05244976617483,-25.052449766174778,7.999999999999947,0.15848931924611329,-7.999999999999919,0.0,1.0,-65.58611809637212,0,PEC,0,0,0
A6,18,A6_18,-33.052449766174725,-25.052449766174778,-7.999999999999947,6.309573444801855,7.999999999999947,0.0,1.0,-59.58369656946811,0,PEC,0,0,0
A6,19,A6_19,-17.05244976617483,-25.052449766174778,7.999999999999947,0.15848931924611326,-7.99999999999992,0.0,1.0,-65.5719265578435,0,PEC,0,0,0
A6_on,0,A6_on_0,-17.05244976617483,-33.052449766174725,15.999999999999893,0.15848931924611329,-7.999999999999919,6.250000000000001,0.5000000000000004,-34.48898304844261,1,PEC,0,0,0
A6_on,1,A6_on_1,-17.05244976617483,-33.052449766174725,15.999999999999893,0.15848931924611329,-7.999999999999919,6.250000000000001,0.5000000000000004,-33.51988291836204,1,PEC,0,0,0
A6_on,2,A6_on_2,-17.05244976617483,-33.052449766174725,15.999999999999893,0.15848931924611329,-7.999999999999919,6.250000000000001,0.5000000000000004,-34.48898304844261,1,PEC,0,0,0
A6_on,3,A6_on_3,-17.05244976617483,-33.052449766174725,15.999999999999893,0.15848931924611329,-7.999999999999919,5.999999999999998,0.5000000000000003,-39.80377221886517,1,PEC,0,0,0
A6_on,4,A6_on_4,-17.05244976617483,-33.052449766174725,15.999999999999893,0.15848931924611329,-7.999999999999919,6.124999999999999,0.5000000000000004,-39.54048283164168,1,PEC,0,0,0
A6_on,5,A6_on_5,-17.05244976617483,-33.052449766174725,15.999999999999893,0.15848931924611329,-7.999999999999919,5.999999999999998,0.5000000000000003,-39.80377221886517,1,PEC,0,0,0
A6_on,6,A6_on_6,-17.05244976617483,-33.052449766174725,15.999999999999893,0.15848931924611329,-7.999999999999919,5.749999999999999,0.5000000000000002,-43.18130024575239,1,PEC,0,0,0
A6_on,7,A6_on_7,-17.05244976617483,-33.052449766174725,15.999999999999893,0.15848931924611329,-7.999999999999919,5.749999999999999,0.5000000000000004,-43.06230801275531,1,PEC,0,0,0
A6_on,8,A6_on_8,-17.05244976617483,-33.052449766174725,15.999999999999893,0.15848931924611329,-7.999999999999919,5.749999999999999,0.5000000000000002,-43.18130024575239,1,PEC,0,0,0
A6_on,9,A6_on_9,-17.05244976617483,-17.05244976617483,0.0,0.15848931924611329,-7.999999999999919,13.000000000000002,0.5000000000000002,-34.48898304844261,1,PEC,0,0,0
A6_on,10,A6_on_10,-17.05244976617483,-17.05244976617483,0.0,0.15848931924611329,-7.999999999999919,13.0,0.5000000000000004,-33.51988291836204,1,PEC,0,0,0
A6_on,11,A6_on_11,-17.05244976617483,-17.05244976617483,0.0,0.15848931924611329,-7.999999999999919,13.000000000000002,0.5000000000000002,-34.48898304844261,1,PEC,0,0,0
A6_on,12,A6_on_12,-17.05244976617483,-17.05244976617483,0.0,0.15848931924611329,-7.999999999999919,12.624999999999998,0.5000000000000003,-39.80377221886517,1,PEC,0,0,0
A6_on,13,A6_on_13,-17.05244976617483,-17.05244976617483,0.0,0.15848931924611329,-7.999999999999919,12.75,0.5000000000000002,-39.54048283164168,1,PEC,0,0,0
A6_on,14,A6_on_14,-17.05244976617483,-17.05244976617483,0.0,0.15848931924611329,-7.999999999999919,12.624999999999998,0.5000000000000003,-39.80377221886517,1,PEC,0,0,0
A6_on,15,A6_on_15,-17.05244976617483,-17.05244976617483,0.0,0.15848931924611329,-7.999999999999919,12.374999999999998,0.5000000000000003,-43.18130024575239,1,PEC,0,0,0
A6_on,16,A6_on_16,-17.05244976617483,-17.05244976617483,0.0,0.15848931924611329,-7.999999999999919,12.375,0.5000000000000004,-43.06230801275531,1,PEC,0,0,0
A6_on,17,A6_on_17,-17.05244976617483,-17.05244976617483,0.0,0.15848931924611329,-7.999999999999919,12.374999999999998,0.5000000000000003,-43.18130024575239,1,PEC,0,0,0
A6_on,18,A6_on_18,-17.05244976617483,-33.052449766174725,15.999999999999893,0.15848931924611329,-7.999999999999919,6.124999999999999,0.5000000000000004,-39.54048283164168,1,PEC,0,0,0
A6_on,19,A6_on_19,-17.05244976617483,-17.05244976617483,0.0,0.15848931924611329,-7.999999999999919,12.75,0.5000000000000002,-39.54048283164168,1,PEC,0,0,0
B1,0,B1_0,-32.04161217967423,-19.36287638726043,-12.6787357924138,4.999381069059277,6.989162413499457,nan,nan,0.3646814592558414,1,PEC,0,0,0
B1,1,B1_1,-31.821806077913266,-23.693510748749286,-8.12829532916398,4.752647794958354,6.769356311738488,nan,nan,4.828499581480273,1,PEC,0,0,0
B1,2,B1_2,-32.51558426660885,-23.520807093298714,-8.994777173310133,5.575880403402116,7.463134500434069,nan,nan,9.709665971691521,1,PEC,0,0,0
B1,3,B1_3,-31.901704406122022,-25.640487308286506,-6.261217097835516,4.840892783923381,6.849254639947246,6.203365199767383,0.5723740108742715,-0.29033402830847166,0,PEC,0,0,0
B1,4,B1_4,-32.08574376149988,-23.594626865483384,-8.491116896016493,5.050442134434357,7.033293995325101,nan,nan,9.709665971691521,1,PEC,0,0,0
B1,5,B1_5,-31.024873111737328,-23.375918302204866,-7.6489548095324595,3.955872945976721,5.97242334556255,nan,nan,4.828499581480273,1,PEC,0,0,0
B1,6,B1_6,-32.92147990308231,-19.846603428172973,-13.074876474909338,6.1221365737513995,7.869030136907532,nan,nan,0.3646814592558414,1,PEC,0,0,0
B1,7,B1_7,-32.67183371230435,-21.02089215951399,-11.65094155279036,5.780140493458501,7.619383946129574,nan,nan,1.1495989308566195,1,PEC,0,0,0
B1,8,B1_8,-32.80988653805239,-21.962357490047676,-10.847529048004716,5.966830172866931,7.757436771877613,nan,nan,4.190098339356254,1,PEC,0,0,0
B1,9,B1_9,-31.92346245100844,-22.241116661382726,-9.682345789625712,4.865206390079283,6.871012684833663,nan,nan,7.1241628680622995,1,PEC,0,0,0
B1,10,B1_10,-32.17874439570475,-22.777880948780236,-9.400863446924513,5.159759543051975,7.12629462952997,nan,nan,9.709665971691521,1,PEC,0,0,0
B1,11,B1_11,-30.778830302873118,-22.165548677030543,-8.613281625842571,3.737989298225656,5.726380536698339,nan,nan,7.1241628680622995,1,PEC,0,0,0
B1,12,B1_12,-32.631525362492575,-22.36431904173179,-10.267206320760785,5.726741232862628,7.579075596317798,nan,nan,4.190098339356254,1,PEC,0,0,0
B1,13,B1_13,-30.647652456981845,-20.955125394424,-9.692527062557847,3.626772124607514,5.59520269080707,nan,nan,1.1495989308566195,1,PEC,0,0,0
B1,14,B1_14,-32.0889775417325,-20.66056177535049,-11.428415766382008,5.054204121423794,7.036527775557722,nan,nan,0.6057833445896676,1,PEC,0,0,0
B1,15,B1_15,-32.05553533920686,-22.14146136593814,-9.914073973268724,5.015434433805844,7.003085573032086,nan,nan,2.99319454262681,1,PEC,0,0,0
B1,16,B1_16,-32.91660221118021,-21.74491471323621,-11.171687497944005,6.1152644779471395,7.864152445005438,nan,nan,4.186482007298061,1,PEC,0,0,0
B1,17,B1_17,-31.608110648212595,-22.894903334156997,-8.7132073140556,4.52445307376449,6.555660882037818,nan,nan,4.828499581480273,1,PEC,0,0,0
B1,18,B1_18,-32.15519280656288,-21.972086155885627,-10.183106650677255,5.131854138639877,7.102743040388106,nan,nan,4.186482007298061,1,PEC,0,0,0
B1,19,B1_19,-32.42859774852982,-21.986964998028334,-10.441632750501482,5.4653099680716455,7.376147982355037,nan,nan,2.99319454262681,1,PEC,0,0,0
B1,20,B1_20,-32.15004605271444,-21.166049563828572,-10.983996488885863,5.125776063308621,7.097596286539658,nan,nan,0.6057833445896676,1,PEC,0,0,0
B1,21,B1_21,-30.41339278626117,-20.640591396606684,-9.772801389654486,3.4363255562256687,5.360943020086392,nan,nan,0.024322678292215016,1,PEC,0,0,0
B1,22,B1_22,-30.77337828880639,-22.052443884547024,-8.720934404259367,3.7332996729926133,5.720928522631615,nan,nan,2.000173157050753,1,PEC,0,0,0
B1,23,B1_23,-32.088738283197806,-21.813335713734045,-10.275402569463765,5.053925686349617,7.03628851702303,nan,nan,2.4992860345072074,1,PEC,0,0,0
B1,24,B1_24,-32.384396921973945,-22.67913806222152,-9.705258859752426,5.409968240677052,7.331947155799168,nan,nan,2.719965928331341,1,PEC,0,0,0
B1,25,B1_25,-31.105580098586778,-21.883941261586703,-9.221638837000075,4.03007411632128,6.053130332412,nan,nan,2.4992860345072074,1,PEC,0,0,0
B1,26,B1_26,-31.194871292880883,-22.008909982031742,-9.185961310849141,4.1137903270935405,6.142421526706105,nan,nan,2.000173157050753,1,PEC,0,0,0
B1,27,B1_27,-31.51074595019437,-20.613338918501892,-10.897407031692477,4.424147709767207,6.458296184019591,nan,nan,0.024322678292215016,1,PEC,0,0,0
B1,28,B1_28,-32.263555224828266,-20.56969093174846,-11.693864293079805,5.261511765314449,7.2111054586534875,nan,nan,-0.4578871376969431,1,PEC,0,0,0
B1,29,B1_29,-30.85056258117673,-21.922890140459423,-8.927672440717307,3.8002422455602862,5.798112815001954,nan,nan,1.3262778191967897,1,PEC,0,0,0
B1,30,B1_30,-32.40334845586411,-21.63228842581582,-10.771060030048293,5.4336275843053805,7.350898689689335,nan,nan,1.5558195528281615,1,PEC,0,0,0
B1,31,B1_31,-32.090779782896604,-22.39605831194468,-9.694721470951926,5.056301957194527,7.038330016721831,nan,nan,1.647866231852646,1,PEC,0,0,0
B1,32,B1_32,-30.712134754407373,-21.58969215436222,-9.122442600045156,3.681022726924055,5.659684988232597,nan,nan,1.5558195528281615,1,PEC,0,0,0
B1,33,B1_33,-31.8546090327948,-22.11201039114301,-9.742598641651794,4.788681213530639,6.8021592666200235,nan,nan,1.3262778191967897,1,PEC,0,0,0
B1,34,B1_34,-31.89593683948329,-20.90618136461896,-10.989755474864335,4.834468193775865,6.843487073308515,nan,nan,-0.4578871376969431,1,PEC,0,0,0
B1,35,B1_35,-32.09966547290353,-20.83253185106494,-11.267133621838592,5.06665777041134,7.047215706728753,nan,nan,-0.8217998336931629,1,PEC,0,0,0
B1,36,B1_36,-31.965949327761734,-21.49333322651299,-10.472616101248741,4.913036110223769,6.913499561586955,nan,nan,0.8850652947462407,1,PEC,0,0,0
B1,37,B1_37,-32.44052332886071,-21.802574120434798,-10.637949208425916,5.4803381493305805,7.388073562685938,nan,nan,1.001054993376016,1,PEC,0,0,0
B1,38,B1_38,-30.90709431146015,-22.858724623820322,-8.048369687639829,3.850033022267707,5.854644545285374,nan,nan,1.0450550553937035,1,PEC,0,0,0
B1,39,B1_39,-31.837767815075246,-21.827614670983166,-10.01015314409208,4.770147462831672,6.785318048900467,nan,nan,1.001054993376016,1,PEC,0,0,0
B1,40,B1_40,-32.04783812822713,-21.929240655818273,-10.118597472408853,5.006553209619369,6.995388362052347,nan,nan,0.8850652947462407,1,PEC,0,0,0
B1,41,B1_41,-31.39461573733425,-20.934606854341304,-10.460008882992941,4.307413819971488,6.342165971159471,nan,nan,-0.8217998336931629,1,PEC,0,0,0
B1,42,B1_42,nan,-22.209322563485724,nan,nan,nan,nan,nan,2.7199659283313338,1,PEC,0,0,0
B1,43,B1_43,-31.64743718608674,-21.740416351201496,-9.907020834885241,4.565609276929191,6.594987419911961,nan,nan,0.5918866837063348,1,PEC,0,0,0
B1,44,B1_44,-31.427782120808327,-21.39326027484336,-10.034521845964969,4.340434786285044,6.375332354633551,nan,nan,0.6554628768152355,1,PEC,0,0,0
B1,45,B1_45,-30.87323456998064,-22.561709562299644,-8.311525007680993,3.8201329736817384,5.82078480380586,nan,nan,0.6787661017720836,1,PEC,0,0,0
B1,46,B1_46,-31.672402558368123,-21.514154086587762,-10.158248471780361,4.591930213819707,6.619952792193347,nan,nan,0.6554628768152355,1,PEC,0,0,0
B1,47,B1_47,-33.30097952482399,-21.702712981304657,-11.598266543519328,6.681176976655794,8.248529758649209,nan,nan,0.5918866837063348,1,PEC,0,0,0
B1,48,B1_48,nan,-22.04334533553716,nan,nan,nan,nan,nan,2.7199659283313338,1,PEC,0,0,0
B2,0,B2_0,-32.04161217967423,-20.552073142288595,-11.489539037385638,4.999381069059277,6.989162413499457,nan,nan,0.3646814592558414,1,PEC,0,0,0
B2,1,B2_1,-32.572088198780676,-23.967853586386866,-8.604234612393814,5.648899435246125,7.5196384326059,nan,nan,4.828499581480273,1,PEC,0,0,0
B2,2,B2_2,-31.97124766411016,-24.186291523075205,-7.784956141034953,4.91903360824402,6.918797897935382,nan,nan,9.709665971691521,1,PEC,0,0,0
B2,3,B2_3,-31.68860931480621,-25.89942614417496,-5.78918317063125,4.60909813311887,6.636159548631434,6.563790625951421,0.520282904065218,-0.29033402830847166,0,PEC,0,0,0
B2,4,B2_4,-32.358027096851956,-24.130150187503467,-8.227876909348492,5.377219105953023,7.305577330677179,nan,nan,9.709665971691521,1,PEC,0,0,0
B2,5,B2_5,-32.620140984655734,-23.975670750990638,-8.6444702336651,5.711749098875352,7.5676912184809595,nan,nan,4.828499581480273,1,PEC,0,0,0
B2,6,B2_6,-31.27384096258332,-20.406646122658135,-10.867194839925187,4.189277407649391,6.221391196408544,nan,nan,0.3646814592558414,1,PEC,0,0,0
B2,7,B2_7,-31.58841549532812,-21.231198913447866,-10.357216581880252,4.503981239930774,6.535965729153341,nan,nan,1.1495989308566195,1,PEC,0,0,0
B2,8,B2_8,-31.598840323767284,-22.591335322558244,-9.007505001209038,4.514805607311103,6.546390557592506,nan,nan,4.190098339356254,1,PEC,0,0,0
B2,9,B2_9,-32.48872841705718,-22.57143715038745,-9.91729126666973,5.5415067310070025,7.436278650882402,nan,nan,7.1241628680622995,1,PEC,0,0,0
B2,10,B2_10,-31.055525908512713,-23.128634263932938,-7.926891644579778,3.9838925291580085,6.003076142337939,nan,nan,9.709665971691521,1,PEC,0,0,0
B2,11,B2_11,-32.2707007473683,-22.483800535955005,-9.786900211413299,5.270175747550819,7.218250981193527,nan,nan,7.1241628680622995,1,PEC,0,0,0
B2,12,B2_12,-29.81804719820228,-22.53186898369461,-7.28617821450767,2.996123722268928,4.765597432027505,nan,nan,4.190098339356254,1,PEC,0,0,0
B2,13,B2_13,-31.284693134593372,-21.478297992946725,-9.806395141646647,4.199758684650916,6.232243368418594,nan,nan,1.1495989308566195,1,PEC,0,0,0
B2,14,B2_14,-30.571061019908637,-20.809194647327217,-9.76186637258142,3.5633716903958836,5.518611253733861,nan,nan,0.6057833445896676,1,PEC,0,0,0
B2,15,B2_15,-31.73564622221118,-21.180699214304074,-10.554947007907106,4.659288962411245,6.683196456036402,nan,nan,1.4520791871669516,1,PEC,0,0,0
B2,16,B2_16,-31.688562586139508,-20.915321988505454,-10.773240597634054,4.609048540996301,6.63611281996473,nan,nan,2.6873310661948224,1,PEC,0,0,0
B2,17,B2_17,-32.34766667056791,-21.381693456699686,-10.965973213868226,5.364406628078269,7.295216904393134,nan,nan,3.347874226925896,1,PEC,0,0,0
B2,18,B2_18,-31.830430331807392,-21.054821629088806,-10.775608702718584,4.762095017315986,6.777980565632613,nan,nan,2.6873310661948224,1,PEC,0,0,0
B2,19,B2_19,-31.83492151108206,-21.175444378861016,-10.659477132221047,4.767022200566542,6.782471744907284,nan,nan,1.4520791871669516,1,PEC,0,0,0
B2,20,B2_20,-32.7689053088625,-20.157417452597983,-12.611487856264521,5.910790331635869,7.716455542687725,nan,nan,0.6057833445896676,1,PEC,0,0,0
B2,21,B2_21,-33.450977894679426,-20.38659006778948,-13.064387826889941,6.91596541564331,8.398528128504644,nan,nan,0.024322678292215016,1,PEC,0,0,0
B2,22,B2_22,-32.68699040623558,-22.013855967009704,-10.673134439225873,5.800348181050186,7.634540640060799,nan,nan,2.000173157050753,1,PEC,0,0,0
B2,23,B2_23,-31.049632547190175,-21.514212574712477,-9.5354199724777,3.9784900669599215,5.997182781015399,nan,nan,2.4992860345072074,1,PEC,0,0,0
B2,24,B2_24,-32.20975566714993,-22.471136055208586,-9.738619611941342,5.196735226517728,7.157305900975151,nan,nan,2.719965928331341,1,PEC,0,0,0
B2,25,B2_25,-32.08182881960143,-21.65881034523421,-10.423018474367218,5.045891471413681,7.029379053426651,nan,nan,2.4992860345072074,1,PEC,0,0,0
B2,26,B2_26,-31.347900059986763,-21.876559034935504,-9.47134102505126,4.261328644445267,6.295450293811986,nan,nan,2.000173157050753,1,PEC,0,0,0
B2,27,B2_27,-32.97348370542304,-20.206847837566798,-12.766635867856246,6.1958856501989485,7.9210339392482645,nan,nan,0.024322678292215016,1,PEC,0,0,0
B2,28,B2_28,-31.930885257868226,-20.533466629848878,-11.397418628019349,4.873528938121484,6.8784354916934465,nan,nan,-0.4578871376969431,1,PEC,0,0,0
B2,29,B2_29,-21.210080469472157,-18.266519113365362,-2.943561356106794,0.41282222508081196,-3.8423692967026115,2.325922857485477,0.690714549655126,-3.868576425654524,0,PEC,0,0,0
B2,30,B2_30,-31.73966726361172,-20.263369441455993,-11.476297822155729,4.663604897919211,6.687217497436943,5.346830571884855,0.23986993641202545,2.7199659283313338,0,PEC,0,0,0
B2,31,B2_31,-31.678120770623515,-21.037147420975433,-10.640973349648082,4.597980238995619,6.625671004448738,6.4388056962847715,0.30643136178512886,2.7199659283313338,0,PEC,0,0,0
B2,32,B2_32,-32.31287132342666,-20.28928014351912,-12.023591179907536,5.321599120028856,7.260421557251883,5.346830571884855,0.23986993641202545,2.7199659283313338,0,PEC,0,0,0
B2,33,B2_33,-21.619784624815388,-18.078431808501186,-3.541352816314201,0.4536631310861384,-3.432665141359382,2.3259228574855193,0.690714549655126,-3.868576425654524,0,PEC,0,0,0
B2,34,B2_34,-31.689866833947995,-20.091139298596286,-11.598727535351708,4.610432911382101,6.637417067773216,nan,nan,-0.4578871376969431,1,PEC,0,0,0
B2,35,B2_35,-23.55673255666794,-21.470036297099586,-2.086696259568354,0.7086442687275164,-1.4957172095068327,2.704353118510939,0.4824829038225837,-1.5823160029366221,0,PEC,0,0,0
B2,36,B2_36,-23.844613772271053,-21.086028842164865,-2.7585849301061893,0.7572101043051467,-1.2078359939037195,1.5234505254876078,0.49430546364853184,-1.658390437370258,0,PEC,0,0,0
B2,37,B2_37,-21.68282865874476,-25.052449766174778,3.3696211074300164,0.46029672960695206,-3.369621107430007,0.4170654845685934,1.0,-6.221267962676599,0,PEC,0,0,0
B2,38,B2_38,-32.53902028709634,-24.071387934837677,-8.467632352258665,5.606051099874063,7.486570520921568,6.552075905287782,0.4260174730127303,2.7199659283313338,0,PEC,0,0,0
B2,39,B2_39,-21.75296723065074,-25.052449766174778,3.2994825355240396,0.46779087552970405,-3.29948253552403,0.4170654845685934,1.0,-6.221267962676599,0,PEC,0,0,0
B2,40,B2_40,-23.82391122347559,-21.272042104752487,-2.551869118723104,0.7536091203192329,-1.228538542699182,1.5234505254876078,0.49430546364853184,-1.658390437370258,0,PEC,0,0,0
B2,41,B2_41,-23.82524844815625,-21.224081470406894,-2.6011669777493536,0.7538411978424785,-1.227201318018523,2.7043531185109573,0.4824829038225838,-1.5823160029366221,0,PEC,0,0,0
B2,42,B2_42,-33.01095543937392,-21.018086041543853,-11.99286939783007,6.249576194453162,7.958505673199147,2.2930310438505797,0.374201280447228,-1.880694655326593,0,PEC,0,0,0
B2,43,B2_43,-32.54146402722485,-21.983538076088895,-10.557925951135955,5.609206467417009,7.489014261050072,3.0959407199842954,0.3376836612630354,-0.2894742032991786,0,PEC,0,0,0
B2,44,B2_44,-30.549058266435758,-21.717028605326913,-8.832029661108843,3.5453641592893206,5.4966085002609795,3.479447382833628,0.3135264862062108,-0.2900981993305578,0,PEC,0,0,0
B2,45,B2_45,-31.785932560861973,-22.779467256696158,-9.006465304165815,4.713551749064295,6.733482794687195,3.686486954876563,0.4083665350080526,-0.29033402830847876,0,PEC,0,0,0
B2,46,B2_46,-31.532266436218023,-21.498284306725274,-10.033982129492749,4.446124985199356,6.4798166700432445,3.479447382833628,0.3135264862062108,-0.2900981993305578,0,PEC,0,0,0
B2,47,B2_47,-32.067951006927046,-22.35632948792024,-9.711621519006805,5.029793138321397,7.01550124075227,3.0959407199842954,0.33768366126303534,-0.2894742032991786,0,PEC,0,0,0
B2,48,B2_48,-31.841587444494785,-21.090979059034392,-10.750608385460396,4.774344663359068,6.78913767832001,2.2930310438505797,0.3742012804472281,-1.880694655326593,0,PEC,0,0,0
B3,0,B3_0,-32.04161217967423,-19.35833049143969,-12.683281688234544,4.999381069059277,6.989162413499457,nan,nan,0.3646814592558414,1,PEC,0,0,0
B3,1,B3_1,-31.821806077913266,-23.451951423872217,-8.369854654041047,4.752647794958354,6.769356311738488,nan,nan,4.828499581480273,1,PEC,0,0,0
B3,2,B3_2,-31.966945284897463,-23.366763173508556,-8.600182111388905,4.914162934231153,6.914495518722683,nan,nan,9.709665971691521,1,PEC,0,0,0
B3,3,B3_3,-32.59222183638692,-26.533864353954343,-6.058357482432574,5.675148198753738,7.539772070212141,6.632472180176246,0.5338321035845033,-0.29033402830847166,0,PEC,0,0,0
B3,4,B3_4,-32.94483812745427,-23.782759085188985,-9.162079042265287,6.155152764341139,7.892388361279491,nan,nan,9.709665971691521,1,PEC,0,0,0
B3,5,B3_5,-30.62662121812746,-23.747120695561577,-6.879500522565883,3.6092514963164435,5.574171451952682,nan,nan,4.828499581480273,1,PEC,0,0,0
B3,6,B3_6,-32.74597978902477,-20.58753887351794,-12.158440915506835,5.879670684540746,7.693530022849996,nan,nan,0.3646814592558414,1,PEC,0,0,0
B3,7,B3_7,-31.48915317782074,-21.00953232256997,-10.479620855250769,4.402205795069246,6.436703411645963,nan,nan,1.1495989308566195,1,PEC,0,0,0
B3,8,B3_8,-32.80988653805239,-21.867777543404596,-10.942108994647796,5.966830172866931,7.757436771877613,nan,nan,4.190098339356254,1,PEC,0,0,0
B3,9,B3_9,-30.75272034202432,-21.665457568666195,-9.087262773358121,3.715583773516594,5.70027057584954,nan,nan,7.1241628680622995,1,PEC,0,0,0
B3,10,B3_10,-32.27091802316394,-22.733842451848474,-9.537075571315466,5.270439418935296,7.218468256989161,nan,nan,9.709665971691521,1,PEC,0,0,0
B3,11,B3_11,-30.621108194512537,-21.886055324393663,-8.735052870118876,3.604672744914486,5.568658428337762,nan,nan,7.1241628680622995,1,PEC,0,0,0
B3,12,B3_12,-31.231808154479047,-22.083311416093455,-9.148496738385592,4.1489274328280255,6.179358388304273,nan,nan,4.190098339356254,1,PEC,0,0,0
B3,13,B3_13,-31.637108158130246,-20.24651022567818,-11.39059793245207,4.554763578248427,6.584658391955472,nan,nan,1.1495989308566195,1,PEC,0,0,0
B3,14,B3_14,-32.0403692293021,-20.764186663842423,-11.276182565459678,4.997950451429222,6.987919463127322,nan,nan,0.6057833445896676,1,PEC,0,0,0
B3,15,B3_15,-31.3320728721108,-22.102454621998234,-9.229618250112566,4.245827157578747,6.279623105936022,nan,nan,2.99319454262681,1,PEC,0,0,0
B3,16,B3_16,-31.787478733927973,-21.821377189684533,-9.96610154424344,4.715230164182717,6.7350289677531965,nan,nan,4.186482007298061,1,PEC,0,0,0
B3,17,B3_17,-30.7118564634926,-22.428032873945693,-8.283823589546909,3.6807868587736836,5.659406697317825,nan,nan,4.828499581480273,1,PEC,0,0,0
B3,18,B3_18,-32.09527993519678,-21.67773351915625,-10.417546416040528,5.061544004422874,7.042830169022,nan,nan,4.186482007298061,1,PEC,0,0,0
B3,19,B3_19,-31.989739957476843,-21.406285172657338,-10.583454784819505,4.940023548180337,6.937290191302066,nan,nan,1.4520791871669516,1,PEC,0,0,0
B3,20,B3_20,-32.490214806795684,-20.526562766480787,-11.963652040314898,5.543403657813573,7.437765040620906,nan,nan,0.6057833445896676,1,PEC,0,0,0
B3,21,B3_21,-32.96357818070487,-21.020879917743123,-11.942698262961748,6.181769983779938,7.911128414530092,nan,nan,0.024322678292215016,1,PEC,0,0,0
B3,22,B3_22,-31.58777942131603,-21.663503260089676,-9.924276161226352,4.503321628595357,6.5353296551412505,nan,nan,2.000173157050753,1,PEC,0,0,0
B3,23,B3_23,-31.504154968606343,-21.371318561383916,-10.132836407222428,4.417438584540187,6.451705202431567,nan,nan,2.4992860345072074,1,PEC,0,0,0
B3,24,B3_24,-31.561472993172195,-20.049746271587964,-11.51172672158423,4.476126201676811,6.509023226997419,nan,nan,0.781765668170209,1,PEC,0,0,0
B3,25,B3_25,-32.82211368151059,-19.495501351974394,-13.32661232953619,5.9836528796071295,7.7696639153358085,nan,nan,-1.0994703445269565,1,PEC,0,0,0
B3,26,B3_26,-22.33697625537648,-19.246246867874213,-3.0907293875022654,0.5351218063185608,-2.7154735107982897,2.167181891000105,0.7282940227288551,-5.724597436785956,0,PEC,0,0,0
B3,27,B3_27,-26.811283578545098,-20.285711876481678,-6.52557170206342,1.499282187256945,1.7588338123703209,nan,nan,-1.928976297987198,1,PEC,0,0,0
B3,28,B3_28,-33.17142154962981,-20.246854402095508,-12.924567147534308,6.48480883885572,8.118971783455036,nan,nan,-0.4578871376969431,1,PEC,0,0,0
B3,29,B3_29,-31.86833723630258,-21.670162739110793,-10.198174497191788,4.803842355514083,6.815887470127805,nan,nan,1.3262778191967897,1,PEC,0,0,0
B3,30,B3_30,-33.52051169058537,-21.555255155600985,-11.96525653498439,7.027586379548048,8.468061924410597,nan,nan,1.5558195528281615,1,PEC,0,0,0
B3,31,B3_31,-33.30255859930709,-19.945278714536855,-13.357279884770238,6.683606663131756,8.250108833132314,6.564777713041328,0.33954181211797285,2.7199659283313338,0,PEC,0,0,0
B3,32,B3_32,-25.087445518706822,-19.785213403642878,-5.3022321150639415,1.0080906234354172,0.03499575253204798,5.82243421841678,0.4719366744888328,0.24212109122377257,0,PEC,0,0,0
B3,33,B3_33,-19.885666125858062,-25.052449766174778,5.166783640316717,0.30431379215845555,-5.1667836403167025,1.0840404381271793,1.0,0.7387303369591649,0,PEC,0,0,0
B3,34,B3_34,-23.56863211744098,-18.400827178977444,-5.1678049384635365,0.7105885988879672,-1.4838176487337917,3.0969294642481855,0.6276063771615964,-1.4914023471631879,0,PEC,0,0,0
B3,35,B3_35,-31.93214906953456,-20.31673790763896,-11.615411161895603,4.874947357937807,6.879699303359784,nan,nan,-0.8217998336931629,1,PEC,0,0,0
B3,36,B3_36,-31.37050110486662,-21.9094432193353,-9.461057885531314,4.283562755886427,6.31805133869184,nan,nan,0.8850652947462407,1,PEC,0,0,0
B3,37,B3_37,-31.726030384752185,-21.54710854905465,-10.178921835697537,4.648984110742756,6.673580618577408,nan,nan,1.001054993376016,1,PEC,0,0,0
B3,38,B3_38,-32.352422856947214,-22.289258525429176,-10.063164331518038,5.370284688893267,7.299973090772436,6.576440930405772,0.4395731494640345,2.7199659283313338,0,PEC,0,0,0
B3,39,B3_39,-21.478030657374035,-25.052449766174778,3.574419108800742,0.43909459287277075,-3.574419108800732,0.0,1.0,-4.3454955662052015,0,PEC,0,0,0
B3,40,B3_40,-22.729265917925453,-17.310099842068844,-5.419166075856605,0.5857086193183665,-2.3231838482493194,1.3485584782795261,0.7889204964233946,-2.800460217234857,0,PEC,0,0,0
B3,41,B3_41,-23.12919335614847,-19.01709283716666,-4.1121005189818085,0.6422060003296758,-1.9232564100263017,2.272317479114431,0.7987963355493193,-1.5823160029366221,0,PEC,0,0,0
B3,42,B3_42,nan,-21.742778454841137,nan,nan,nan,nan,nan,2.7199659283313338,1,PEC,0,0,0
B3,43,B3_43,-32.067951006927046,-21.73125759975942,-10.336693407167626,5.029793138321397,7.01550124075227,nan,nan,0.5918866837063348,1,PEC,0,0,0
B3,44,B3_44,-31.477444265609993,-21.285255347923762,-10.19218891768623,4.390353095796098,6.424994499435215,nan,nan,0.6554628768152355,1,PEC,0,0,0
B3,45,B3_45,-32.03898257145037,-22.103345576448827,-9.935636995001538,4.996354911713182,6.986532805275589,4.892715925480006,0.3969790877926918,2.7199659283313338,0,PEC,0,0,0
B3,46,B3_46,-21.73257155744381,-25.052449766174778,3.319878208730969,0.46559915035850186,-3.3198782087309593,0.0,1.0,-6.004257631980181,0,PEC,0,0,0
B3,47,B3_47,-21.936562989949493,-25.052449766174778,3.1158867762252846,0.487990449391597,-3.1158867762252758,0.6450131345323816,1.0,-5.18113990833384,0,PEC,0,0,0
B3,48,B3_48,-20.627553513811204,-25.052449766174778,4.424896252363574,0.36100263739458877,-4.424896252363562,0.0,1.0,-3.4000950459173396,0,PEC,0,0,0
C0,0,C0_0,0.010415051268100939,-25.052449766174778,25.06286481744288,0.0031168328913873406,-25.062864817441483,0.0,1.0,2.7199659283313338,1,free_space,0,0,0
C0,1,C0_1,-0.11850248235134941,-25.052449766174778,24.93394728382343,0.0032107409834175155,-24.93394728382207,0.0,1.0,2.7199659283313338,1,free_space,0,0,0
C0,2,C0_2,0.2677612480495988,-25.052449766174778,25.320211014224377,0.0029375069214343367,-25.3202110142229,0.0,1.0,2.7199659283313338,1,free_space,0,0,0
C0,3,C0_3,0.0,-25.052449766174778,25.052449766174778,0.0031243165070573907,-25.05244976617339,0.0,1.0,2.7199659283313338,1,free_space,0,0,0
C0,4,C0_4,-0.3202847243684914,-25.052449766174778,24.732165041806287,0.003363438536720893,-24.732165041804993,0.0,1.0,2.7199659283313338,1,free_space,0,0,0
C0,5,C0_5,0.12834746010772236,-25.052449766174778,25.1807972262825,0.0030333343095604167,-25.18079722628107,0.0,1.0,2.7199659283313338,1,free_space,0,0,0
C0,6,C0_6,0.5995499207021737,-25.052449766174778,25.65199968687695,0.002721447942668705,-25.651999686875357,0.0,1.0,2.7199659283313338,1,free_space,0,0,0
C0,7,C0_7,0.4210903932163994,-25.052449766174778,25.473540159391177,0.0028356066361723193,-25.473540159389646,0.0,1.0,2.7199659283313338,1,free_space,0,0,0
C0,8,C0_8,-0.4043176504863091,-25.052449766174778,24.64813211568847,0.0034291524139612077,-24.648132115687204,0.0,1.0,2.7199659283313338,1,free_space,0,0,0
C0,9,C0_9,-0.6851607514229663,-25.052449766174778,24.36728901475181,0.003658230771510167,-24.36728901475062,0.0,1.0,2.7199659283313338,1,free_space,0,0,0
C0,10,C0_10,-0.3640872663308521,-25.052449766174778,24.688362499843926,0.003397533518818551,-24.688362499842647,0.0,1.0,2.7199659283313338,1,free_space,0,0,0
C0,11,C0_11,-0.03178706677050869,-25.052449766174778,25.02066269940427,0.0031472680289784142,-25.02066269940289,0.0,1.0,2.7199659283313338,1,free_space,0,0,0
C0,12,C0_12,-1.2149653745389593,-25.052449766174778,23.83748439163582,0.004132868250270814,-23.837484391634767,0.0,1.0,2.7199659283313338,1,free_space,0,0,0
C0,13,C0_13,-0.16184587984636067,-25.052449766174778,24.890603886328417,0.0032429452107205015,-24.89060388632708,0.0,1.0,2.7199659283313338,1,free_space,0,0,0
C0,14,C0_14,-0.6754054900880568,-25.052449766174778,24.37704427608672,0.0036500227587350073,-24.37704427608553,0.0,1.0,2.7199659283313338,1,free_space,0,0,0
C0,15,C0_15,-0.41858370906083664,-25.052449766174778,24.63386605711394,0.003440435294194255,-24.63386605711268,0.0,1.0,2.7199659283313338,1,free_space,0,0,0
C0,16,C0_16,-0.32457952894811015,-25.052449766174778,24.727870237226668,0.003366766337736726,-24.727870237225375,0.0,1.0,2.7199659283313338,1,free_space,0,0,0
C0,17,C0_17,-0.2106001229198391,-25.052449766174778,24.84184964325494,0.003279555883597736,-24.841849643253617,0.0,1.0,2.7199659283313338,1,free_space,0,0,0
C0,18,C0_18,0.15336519910009372,-25.052449766174778,25.20581496527487,0.0030159108762717705,-25.205814965273433,0.0,1.0,2.7199659283313338,1,free_space,0,0,0
C0,19,C0_19,0.4688065928138023,-25.052449766174778,25.52125635898858,0.0028046221788730875,-25.52125635898703,0.0,1.0,2.7199659283313338,1,free_space,0,0,0
C0,20,C0_20,-0.11671738229469142,-25.052449766174778,24.935732383880087,0.003209421529362547,-24.93573238387873,0.0,1.0,2.7199659283313338,1,free_space,0,0,0
C0,21,C0_21,0.6307816309891585,-25.052449766174778,25.683231397163937,0.0027019472140855467,-25.683231397162327,0.0,1.0,2.7199659283313338,1,free_space,0,0,0
C0,22,C0_22,-0.38504737051086124,-25.052449766174778,24.667402395663917,0.0034139704714030044,-24.66740239566264,0.0,1.0,2.7199659283313338,1,free_space,0,0,0
C0,23,C0_23,0.12330496804898061,-25.052449766174778,25.17575473422376,0.003036858288773708,-25.17575473422233,0.0,1.0,2.7199659283313338,1,free_space,0,0,0
C0,24,C0_24,0.3992850040912508,-25.052449766174778,25.45173477026603,0.002849879668176832,-25.4517347702645,0.0,1.0,2.7199659283313338,1,free_space,0,0,0
C0,25,C0_25,-0.005444785435958721,-25.052449766174778,25.04700498073882,0.0031282359446148426,-25.047004980737427,7.850462293418875e-08,1.0,2.719965928331341,1,free_space,0,0,0
C0,26,C0_26,-0.4242004516162936,-25.052449766174778,24.628249314558484,0.0034448876972151235,-24.628249314557223,7.850462293418875e-08,1.0,2.719965928331341,1,free_space,0,0,0
C0,27,C0_27,-0.5133134935240022,-25.052449766174778,24.539136272650776,0.0035163036602293904,-24.539136272649543,7.850462293418875e-08,1.0,2.719965928331341,1,free_space,0,0,0
C0,28,C0_28,-0.2813137752544428,-25.052449766174778,24.771135990920335,0.003333392092964751,-24.771135990919035,7.850462293418875e-08,1.0,2.719965928331341,1,free_space,0,0,0
C0,29,C0_29,0.05764661032445062,-25.052449766174778,25.11009637649923,0.003083119530415246,-25.11009637649782,7.850462293418875e-08,1.0,2.719965928331341,1,free_space,0,0,0
C0,30,C0_30,-0.5572598867010221,-25.052449766174778,24.495189879473756,0.003552065880260816,-24.495189879472534,7.850462293418875e-08,1.0,2.719965928331341,1,free_space,0,0,0
C0,31,C0_31,-0.15703868167998536,-25.052449766174778,24.895411084494793,0.0032393575861666703,-24.89541108449345,7.850462293418875e-08,1.0,2.719965928331341,1,free_space,0,0,0
C0,32,C0_32,-0.13206340570745922,-25.052449766174778,24.92038636046732,0.0032207822487782573,-24.92038636046597,7.850462293418875e-08,1.0,2.719965928331341,1,free_space,0,0,0
C0,33,C0_33,0.21797179635938235,-25.052449766174778,25.27042156253416,0.002971377590987261,-25.2704215625327,7.850462293418875e-08,1.0,2.719965928331341,1,free_space,0,0,0
C0,34,C0_34,0.05487861059778609,-25.052449766174778,25.107328376772564,0.003085085199925343,-25.107328376771157,7.850462293418875e-08,1.0,2.719965928331341,1,free_space,0,0,0
C0,35,C0_35,0.1252353845190548,-25.052449766174778,25.177685150693833,0.003035508720959312,-25.177685150692405,7.850462293418875e-08,1.0,2.719965928331341,1,free_space,0,0,0
C0,36,C0_36,-0.37936514265657095,-25.052449766174778,24.673084623518207,0.0034095066170760665,-24.673084623516935,7.850462293418875e-08,1.0,2.719965928331341,1,free_space,0,0,0
C0,37,C0_37,-0.1172577214712085,-25.052449766174778,24.93519204470357,0.0032098208630276298,-24.935192044702216,7.850462293418875e-08,1.0,2.719965928331341,1,free_space,0,0,0
C0,38,C0_38,0.3395367041362043,-25.052449766174778,25.391986470310982,0.002889357982837177,-25.391986470309483,7.850462293418875e-08,1.0,2.719965928331341,1,free_space,0,0,0
C0,39,C0_39,0.6942644340770237,-25.052449766174778,25.7467142002518,0.0026627388817990092,-25.746714200250175,7.850462293418875e-08,1.0,2.719965928331341,1,free_space,0,0,0
C0,40,C0_40,-0.6819835318586307,-25.052449766174778,24.370466234316147,0.0036555554550347998,-24.370466234314957,7.850462293418875e-08,1.0,2.719965928331341,1,free_space,0,0,0
C0,41,C0_41,0.7045107455945008,-25.052449766174778,25.75696051176928,0.002656464085822925,-25.756960511767645,7.850462293418875e-08,1.0,2.719965928331341,1,free_space,0,0,0
C0,42,C0_42,0.6204865964748159,-25.052449766174778,25.672936362649594,0.002708359829717015,-25.672936362647988,7.850462293418875e-08,1.0,2.719965928331341,1,free_space,0,0,0
C0,43,C0_43,0.3382046698436092,-25.052449766174778,25.390654436018387,0.002890244320187253,-25.390654436016888,7.850462293418875e-08,1.0,2.719965928331341,1,free_space,0,0,0
C0,44,C0_44,0.07977685769896681,-25.052449766174778,25.132226623873745,0.0030674489068916186,-25.132226623872327,7.850462293418875e-08,1.0,2.719965928331341,1,free_space,0,0,0
C0,45,C0_45,-0.20941228798983857,-25.052449766174778,24.84303747818494,0.0032786590178747682,-24.843037478183618,7.850462293418875e-08,1.0,2.719965928331341,1,free_space,0,0,0
C0,46,C0_46,0.6765592088186168,-25.052449766174778,25.729008974993395,0.0026736164367823084,-25.72900897499177,7.850462293418875e-08,1.0,2.719965928331341,1,free_space,0,0,0
C0,47,C0_47,0.9276779439144747,-25.052449766174778,25.980127710089253,0.0025234065672512405,-25.98012771008753,7.850462293418875e-08,1.0,2.719965928331341,1,free_space,0,0,0
C0,48,C0_48,0.8483662468290127,-25.052449766174778,25.90081601300379,0.0025699128663534327,-25.9008160130021,7.850462293418875e-08,1.0,2.719965928331341,1,free_space,0,0,0
C0,49,C0_49,0.6051007717224444,-25.052449766174778,25.657550537897222,0.0027179717985121735,-25.657550537895624,7.850462293418875e-08,1.0,2.719965928331341,1,free_space,0,0,0
C0,50,C0_50,0.12623772992021998,-25.052449766174778,25.178687496094998,0.003034808210765576,-25.178687496093566,0.0,1.0,2.719965928331341,1,free_space,0,0,0
C0,51,C0_51,-0.6566113446665618,-25.052449766174778,24.395838421508216,0.0036342613701767423,-24.395838421507023,0.0,1.0,2.719965928331341,1,free_space,0,0,0
C0,52,C0_52,-0.054679431425118,-25.052449766174778,24.99777033474966,0.0031639015884377883,-24.997770334748285,0.0,1.0,2.719965928331341,1,free_space,0,0,0
C0,53,C0_53,0.27578489721119226,-25.052449766174778,25.32823466338597,0.002932084847974277,-25.328234663384492,0.0,1.0,2.719965928331341,1,free_space,0,0,0
C0,54,C0_54,-0.6966327396472991,-25.052449766174778,24.35581702652748,0.0036679068460529923,-24.355817026526296,0.0,1.0,2.719965928331341,1,free_space,0,0,0
C0,55,C0_55,0.14510854288383968,-25.052449766174778,25.197558309058618,0.0030216500753895113,-25.19755830905718,0.0,1.0,2.719965928331341,1,free_space,0,0,0
C0,56,C0_56,0.16247934929843666,-25.052449766174778,25.214929115473215,0.003009588290266561,-25.214929115471772,0.0,1.0,2.719965928331341,1,free_space,0,0,0
C0,57,C0_57,0.2955687788510417,-25.052449766174778,25.34801854502582,0.0029187583846344177,-25.34801854502433,0.0,1.0,2.719965928331341,1,free_space,0,0,0
C0,58,C0_58,-0.6445110182164022,-25.052449766174778,24.407938747958376,0.0036241496729329022,-24.40793874795718,0.0,1.0,2.719965928331341,1,free_space,0,0,0
C0,59,C0_59,-0.3833034614971851,-25.052449766174778,24.669146304677593,0.0034125998671376986,-24.669146304676318,0.0,1.0,2.719965928331341,1,free_space,0,0,0
C0,60,C0_60,-0.2706698623529711,-25.052449766174778,24.781779903821807,0.0033252324470189514,-24.781779903820503,0.0,1.0,2.719965928331341,1,free_space,0,0,0
C0,61,C0_61,-0.6373529924666208,-25.052449766174778,24.415096773708157,0.0036181812826018432,-24.41509677370696,0.0,1.0,2.719965928331341,1,free_space,0,0,0
C0,62,C0_62,0.8172309959036426,-25.052449766174778,25.86968076207842,0.0025884031745541914,-25.86968076207674,0.0,1.0,2.719965928331341,1,free_space,0,0,0
C0,63,C0_63,-0.3004075861290545,-25.052449766174778,24.752042180045724,0.0033480796561002014,-24.752042180044427,0.0,1.0,2.719965928331341,1,free_space,0,0,0
C0,64,C0_64,0.11203234816819929,-25.052449766174778,25.164482114342977,0.0030447510475674635,-25.164482114341553,0.0,1.0,2.719965928331341,1,free_space,0,0,0
C0,65,C0_65,-0.1817385626734449,-25.052449766174778,24.870711203501333,0.0032578334613827674,-24.8707112035,0.0,1.0,2.719965928331341,1,free_space,0,0,0
C0,66,C0_66,0.7392835532436202,-25.052449766174778,25.791733319418398,0.00263527940547446,-25.79173331941675,0.0,1.0,2.719965928331341,1,free_space,0,0,0
C0,67,C0_67,0.6077277004777883,-25.052449766174778,25.660177466652566,0.0027163282686872158,-25.660177466650968,0.0,1.0,2.719965928331341,1,free_space,0,0,0
C0,68,C0_68,0.26422374854048414,-25.052449766174778,25.316673514715262,0.0029399006111976633,-25.316673514713784,0.0,1.0,2.719965928331341,1,free_space,0,0,0
C0,69,C0_69,-1.154206723930077,-25.052449766174778,23.8982430422447,0.004075451186592747,-23.898243042243635,0.0,1.0,2.719965928331341,1,free_space,0,0,0
C0,70,C0_70,-0.02643789468944746,-25.052449766174778,25.02601187148533,0.003143393949226852,-25.02601187148395,0.0,1.0,2.719965928331341,1,free_space,0,0,0
C0,71,C0_71,0.2893905162624897,-25.052449766174778,25.341840282437268,0.0029229135579827794,-25.34184028243578,0.0,1.0,2.719965928331341,1,free_space,0,0,0
C0,72,C0_72,0.4495281031354388,-25.052449766174778,25.501977869310217,0.002817099672051965,-25.501977869308675,0.0,1.0,2.719965928331341,1,free_space,0,0,0
C0,73,C0_73,-0.36140571001048727,-25.052449766174778,24.69104405616429,0.003395436355317705,-24.691044056163012,0.0,1.0,2.719965928331341,1,free_space,0,0,0
C0,74,C0_74,0.8585527086348357,-25.052449766174778,25.911002474809614,0.002563892149200262,-25.911002474807923,0.0,1.0,2.719965928331341,1,free_space,0,0,0
C0,75,C0_75,-0.712669221556613,-25.052449766174778,24.339780544618165,0.003681475762103837,-24.339780544616985,0.0,1.0,2.7199659283313338,1,free_space,0,0,0
C0,76,C0_76,-0.38321806037268047,-25.052449766174778,24.669231705802098,0.0034125327612883664,-24.66923170580083,0.0,1.0,2.7199659283313338,1,free_space,0,0,0
C0,77,C0_77,0.41507008024514036,-25.052449766174778,25.46751984641992,0.0028395401600626326,-25.46751984641839,0.0,1.0,2.7199659283313338,1,free_space,0,0,0
C0,78,C0_78,-0.027927107703789034,-25.052449766174778,25.02452265847099,0.003144472016313445,-25.024522658469607,0.0,1.0,2.7199659283313338,1,free_space,0,0,0
C0,79,C0_79,0.9487407049402776,-25.052449766174778,26.001190471115056,0.002511197977348985,-26.00119047111333,0.0,1.0,2.7199659283313338,1,free_space,0,0,0
C0,80,C0_80,0.041805106398438596,-25.052449766174778,25.094254872573217,0.0030943861797203044,-25.09425487257181,0.0,1.0,2.7199659283313338,1,free_space,0,0,0
C0,81,C0_81,-0.36905110855668255,-25.052449766174778,24.683398657618095,0.003401419007280033,-24.683398657616817,0.0,1.0,2.7199659283313338,1,free_space,0,0,0
C0,82,C0_82,-0.2412359444308123,-25.052449766174778,24.811213821743966,0.0033027721803601255,-24.81121382174265,0.0,1.0,2.7199659283313338,1,free_space,0,0,0
C0,83,C0_83,-0.5980269015654933,-25.052449766174778,24.454422864609285,0.003585565938164406,-24.454422864608077,0.0,1.0,2.7199659283313338,1,free_space,0,0,0
C0,84,C0_84,-0.6912938393336283,-25.052449766174778,24.36115592684115,0.0036634005587174823,-24.361155926839967,0.0,1.0,2.7199659283313338,1,free_space,0,0,0
C0,85,C0_85,0.2627510089877525,-25.052449766174778,25.31520077516253,0.0029408977323447287,-25.315200775161053,0.0,1.0,2.7199659283313338,1,free_space,0,0,0
C0,86,C0_86,0.23812819791004003,-25.052449766174778,25.290577964084818,0.0029576188370478433,-25.290577964083347,0.0,1.0,2.7199659283313338,1,free_space,0,0,0
C0,87,C0_87,0.5948242783740092,-25.052449766174778,25.647274044548787,0.0027244108145435993,-25.647274044547196,0.0,1.0,2.7199659283313338,1,free_space,0,0,0
C0,88,C0_88,-0.42975689943941475,-25.052449766174778,24.622692866735363,0.0034492979740360307,-24.62269286673411,0.0,1.0,2.7199659283313338,1,free_space,0,0,0
C0,89,C0_89,0.7920983455439092,-25.052449766174778,25.844548111718687,0.0026034257066473864,-25.844548111717017,0.0,1.0,2.7199659283313338,1,free_space,0,0,0
C0,90,C0_90,-0.19614809190548144,-25.052449766174778,24.856301674269297,0.0032686606333923503,-24.856301674267968,0.0,1.0,2.7199659283313338,1,free_space,0,0,0
C0,91,C0_91,0.7347488323987612,-25.052449766174778,25.78719859857354,0.002638032490788832,-25.78719859857189,0.0,1.0,2.7199659283313338,1,free_space,0,0,0
C0,92,C0_92,-0.26884708735743956,-25.052449766174778,24.78360267881734,0.0033238371083655497,-24.78360267881603,0.0,1.0,2.7199659283313338,1,free_space,0,0,0
C0,93,C0_93,-0.42019565932048053,-25.052449766174778,24.632254106854298,0.003441712501280776,-24.632254106853036,0.0,1.0,2.7199659283313338,1,free_space,0,0,0
C0,94,C0_94,0.0724381624844952,-25.052449766174778,25.124887928659273,0.003072636654800414,-25.124887928657863,0.0,1.0,2.7199659283313338,1,free_space,0,0,0
C0,95,C0_95,0.46327157117106665,-25.052449766174778,25.515721337345845,0.0028081989088669934,-25.5157213373443,0.0,1.0,2.7199659283313338,1,free_space,0,0,0
C0,96,C0_96,0.028050313437159247,-25.052449766174778,25.080500079611937,0.003104202126167101,-25.080500079610538,0.0,1.0,2.7199659283313338,1,free_space,0,0,0
C0,97,C0_97,-0.3452184991696683,-25.052449766174778,24.70723126700511,0.0033828042948055104,-24.707231267003827,0.0,1.0,2.7199659283313338,1,free_space,0,0,0
C0,98,C0_98,-0.7230635840967459,-25.052449766174778,24.329386182078032,0.003690297523686297,-24.329386182076853,0.0,1.0,2.7199659283313338,1,free_space,0,0,0
C0,99,C0_99,-0.7532138071137631,-25.052449766174778,24.299235959061015,0.003716005978984408,-24.299235959059843,0.0,1.0,2.7199659283313338,1,free_space,0,0,0
C0,100,C0_100,0.19888400616116186,-25.052449766174778,25.25133377233594,0.00298446591158124,-25.251333772334483,0.0,1.0,2.7199659283313338,1,free_space,0,0,0
C0,101,C0_101,0.4423986565092086,-25.052449766174778,25.494848422683987,0.002821728065231518,-25.494848422682445,0.0,1.0,2.7199659283313338,1,free_space,0,0,0
C0,102,C0_102,-0.13460414944139742,-25.052449766174778,24.91784561673338,0.003222667047415989,-24.917845616732034,0.0,1.0,2.7199659283313338,1,free_space,0,0,0
C0,103,C0_103,-0.5896385772637593,-25.052449766174778,24.46281118891102,0.003578647162233087,-24.462811188909804,0.0,1.0,2.7199659283313338,1,free_space,0,0,0
C0,104,C0_104,0.38406332417180167,-25.052449766174778,25.43651309034658,0.0028598857973103874,-25.43651309034506,0.0,1.0,2.7199659283313338,1,free_space,0,0,0
C0,105,C0_105,-0.6926529709040352,-25.052449766174778,24.359796795270743,0.0036645472052310854,-24.359796795269556,0.0,1.0,2.7199659283313338,1,free_space,0,0,0
C0,106,C0_106,-0.40899046674773487,-25.052449766174778,24.643459299427043,0.0034328440157136053,-24.64345929942578,0.0,1.0,2.7199659283313338,1,free_space,0,0,0
C0,107,C0_107,0.2580514030209109,-25.052449766174778,25.31050116919569,0.0029440818716459684,-25.31050116919421,0.0,1.0,2.7199659283313338,1,free_space,0,0,0
C0,108,C0_108,-1.177525926931441,-25.052449766174778,23.874923839243337,0.004097392952101873,-23.874923839242275,0.0,1.0,2.7199659283313338,1,free_space,0,0,0
C0,109,C0_109,0.1407274818019708,-25.052449766174778,25.19317724797675,0.00302469978323873,-25.19317724797531,0.0,1.0,2.7199659283313338,1,free_space,0,0,0
C0,110,C0_110,-0.3432769388586223,-25.052449766174778,24.709172827316156,0.0033812923136678735,-24.709172827314873,0.0,1.0,2.7199659283313338,1,free_space,0,0,0
C0,111,C0_111,0.002182768839727345,-25.052449766174778,25.054632535014505,0.00312274661669411,-25.054632535013116,0.0,1.0,2.7199659283313338,1,free_space,0,0,0
C0,112,C0_112,-0.09030768889497764,-25.052449766174778,24.9621420772798,0.003189964076179951,-24.96214207727844,0.0,1.0,2.7199659283313338,1,free_space,0,0,0
C0,113,C0_113,0.04860003903310428,-25.052449766174778,25.101049805207882,0.003089548516239028,-25.10104980520648,0.0,1.0,2.7199659283313338,1,free_space,0,0,0
C0,114,C0_114,0.29462837899173167,-25.052449766174778,25.34707814516651,0.0029193904666163038,-25.34707814516502,0.0,1.0,2.7199659283313338,1,free_space,0,0,0
C0,115,C0_115,-0.4316412600575852,-25.052449766174778,24.620808506117193,0.003450794914895227,-24.620808506115928,0.0,1.0,2.7199659283313338,1,free_space,0,0,0
C0,116,C0_116,0.6580327389934588,-25.052449766174778,25.710482505168237,0.002685046117990563,-25.710482505166617,0.0,1.0,2.7199659283313338,1,free_space,0,0,0
C0,117,C0_117,0.3105892763074536,-25.052449766174778,25.36303904248223,0.0029086810114440395,-25.36303904248074,0.0,1.0,2.7199659283313338,1,free_space,0,0,0
C0,118,C0_118,0.36940860591526103,-25.052449766174778,25.42185837209004,0.0028695524206133246,-25.421858372088522,0.0,1.0,2.7199659283313338,1,free_space,0,0,0
C0,119,C0_119,0.5299739655479776,-25.052449766174778,25.582423731722756,0.0027653978880027817,-25.582423731721185,0.0,1.0,2.7199659283313338,1,free_space,0,0,0
C0,120,C0_120,0.34133643689776605,-25.052449766174778,25.393786203072544,0.002888160870020357,-25.39378620307104,0.0,1.0,2.7199659283313338,1,free_space,0,0,0
C0,121,C0_121,0.3695816147358464,-25.052449766174778,25.422031380910624,0.002869438109238881,-25.42203138090911,0.0,1.0,2.7199659283313338,1,free_space,0,0,0
C0,122,C0_122,-0.014660246217651718,-25.052449766174778,25.037789519957126,0.0031348809157745582,-25.03778951995574,0.0,1.0,2.7199659283313338,1,free_space,0,0,0
C0,123,C0_123,-0.7658428198872116,-25.052449766174778,24.286606946287566,0.0037268276193995,-24.286606946286398,0.0,1.0,2.7199659283313338,1,free_space,0,0,0
C0,124,C0_124,-0.11997942705308162,-25.052449766174778,24.932470339121696,0.0032118330749626362,-24.932470339120343,0.0,1.0,2.7199659283313338,1,free_space,0,0,0
